Workbook
Name FID_1: [1]AGR_Fuels!$A$2

Sheet EnergyBalance
N1: Default Units | O1: Currency | P1: Activity | Q1: Emissions
D2: DIESEL | E2: BIODIESEL | F2: SPV | G2: WIND | H2: BESS | I2: ELC | O2: MUSD$25 | P2: MWh | Q2: kt
D3: Diesel (Imported) | E3: Biodiesel | F3: Solar PV | G3: Wind Energy | I3: Electricity | J3: Total
C4: PRIMARY
B5: MIN | C5: Domestic Supply | D5: 0 | E5: 0 | F5: 0 | G5: 0 | I5: 0.153 | J5: =SUM(D5:I5) -> 0.153 | N5: Region | O5: NAURU
B6: IMP | C6: Imports | D6: 0 | E6: 0.007 | F6: 0.153 | G6: 0.153 | I6: 0.153 | J6: =SUM(D6:I6) -> 0.466
B7: EXP | C7: Exports | D7: 0 | E7: 0 | F7: -0.129 | G7: -0.129 | I7: 0.153 | J7: =SUM(D7:I7) -> -0.105
B8: TPS | C8: Total Primary Supply | D8: =SUM(D5:D7) -> 0 | E8: =SUM(E5:E7) -> 0.007 | F8: =SUM(F5:F7) -> 0.024 | G8: =SUM(G5:G7) -> 0.024 | I8: =SUM(I5:I7) -> 0.459 | J8: =SUM(J5:J7) -> 0.514
C9: CONVERSION
B10: ESC | C10: Energy Sector Consumption | D10: 0.007 | E10: 0.007 | F10: 0.007 | G10: 0.007 | I10: 0.007 | J10: =SUM(D10:I10) -> 0.035
B11: ELC | C11: Electricity Plants | D11: 0.007 | E11: 0.007 | F11: 0.007 | G11: 0.007 | I11: 0.007 | J11: =SUM(D11:I11) -> 0.035
B12: HPL | C12: Heat Plants | D12: 0.007 | E12: 0.007 | F12: 0.007 | G12: 0.007 | I12: 0.007 | J12: =SUM(D12:I12) -> 0.035
B13: REF | C13: Petroleum Refineries | D13: 0.007 | E13: 0.007 | F13: 0.007 | G13: 0.007 | I13: 0.007 | J13: =SUM(D13:I13) -> 0.035
C14: Total Conversion | D14: =SUM(D10:D13) -> 0.028 | E14: =SUM(E10:E13) -> 0.028 | F14: =SUM(F10:F13) -> 0.028 | G14: =SUM(G10:G13) -> 0.028 | I14: =SUM(I10:I13) -> 0.028 | J14: =SUM(J10:J13) -> 0.14
C15: FINAL
B16: RSD | C16: Residential | D16: 0 | E16: 0
B17: COM | C17: Commercial | D17: 0
B18: IND | C18: Industry | D18: 0
B19: AGR | C19: Government | D19: 0
B20: OTH | C20: Other | J20: =SUM(D20:I20) -> 0
B21: TFC | C21: Total Final Consumption | D21: =SUM(D16:D20) -> 0 | I21: 38000 | J21: =I21 -> 38000
C24: Data used in the template to build the model
C34: Domestic Supply Curve Share - Step 1
C35: Domestic Supply Curve Share - Step 2

Sheet Processes
B1: Sector Name | C1: Commodity | D1: Description | E1: Default Unit | G1: Currency Unit | M1: ~FI_Comm
C2: =EnergyBalance!D2 -> DIESEL | D2: =EnergyBalance!D3 -> Diesel (Imported) | E2: =EnergyBalance!P2 -> MWh | G2: =EnergyBalance!O2 -> MUSD$25 | M2: Csets | N2: Region | O2: CommName | P2: CommDesc | Q2: Unit | R2: LimType | S2: CTSLvl | T2: PeakTS | U2: Ctype
C3: =EnergyBalance!E2 -> BIODIESEL | D3: =EnergyBalance!E3 -> Biodiesel | E3: =E2 -> MWh | G3: =G2 -> MUSD$25 | M3: *Commodity Set Membership | N3: Region Name | O3: Commodity Name | P3: Commodity Description | Q3: Unit | R3: Sense of the Balance EQN. | S3: Timeslice Level | T3: Peak Monitoring | U3: Electricity Indicator
C4: =EnergyBalance!F2 -> SPV | D4: =EnergyBalance!F3 -> Solar PV | E4: =E3 -> MWh | G4: =G3 -> MUSD$25 | M4: NRG | N4: =EnergyBalance!$O$5 -> NAURU | O4: =C2 -> DIESEL | P4: =D2 -> Diesel (Imported) | Q4: =$E$2 -> MWh | R4: LO | S4: ANNUAL | U4: ELC
C5: =EnergyBalance!G2 -> WIND | D5: =EnergyBalance!G3 -> Wind Energy | E5: =E4 -> MWh | G5: =G4 -> MUSD$25 | M5: NRG | N5: =EnergyBalance!$O$5 -> NAURU | O5: =C3 -> BIODIESEL | P5: =D3 -> Biodiesel | Q5: =$E$2 -> MWh | R5: LO | S5: ANNUAL | U5: ELC
C6: =EnergyBalance!I2 -> ELC | D6: =EnergyBalance!I3 -> Electricity | E6: =E5 -> MWh | G6: =G5 -> MUSD$25 | M6: NRG | N6: =EnergyBalance!$O$5 -> NAURU | O6: =C4 -> SPV | P6: =D4 -> Solar PV | Q6: =$E$2 -> MWh | R6: LO | S6: ANNUAL | U6: ELC
M7: NRG | N7: =EnergyBalance!$O$5 -> NAURU | O7: =C5 -> WIND | P7: =D5 -> Wind Energy | Q7: =$E$2 -> MWh | R7: LO | S7: ANNUAL | U7: ELC
M8: NRG | N8: =EnergyBalance!$O$5 -> NAURU | O8: =C6 -> ELC | P8: =D6 -> Electricity | Q8: =$E$2 -> MWh | R8: LO | S8: ANNUAL | U8: ELC
M9: ENV | N9: =EnergyBalance!$O$5 -> NAURU | O9: CO2e | P9: Carbon emissions | Q9: tCO2e per MWh | R9: LO | S9: ANNUAL | U9: ELC
D13: ~FI_T
B14: TechName | C14: Comm-IN | D14: Comm-OUT | E14: PASTI~2025 | F14: PASTI~2050 | G14: Low_side_Cost | H14: High_side_Cost | I14: Efficiency | J14: ENV_ACT | M14: ~FI_Process
B15: *Technology Name | C15: Input Commodity | D15: Output Commodity | E15: Past Investment Capacity | G15: Low-side cost | H15: High-side Cost | I15: Efficiency | J15: Activity Emission Coefficient | M15: Sets | N15: Region | O15: TechName | P15: TechDesc | Q15: Tact | R15: Tcap | S15: Tslvl | T15: PrimaryCG | U15: Vintage
B16: *Units | E16: MWh | F16: MWh | G16: US$ per MWh | H16: US$ per MWh | J16: =Q9 -> tCO2e per MWh | M16: *Process Set Membership | N16: Region Name | O16: Technology Name | P16: Technology Description | Q16: Activity Unit | R16: Capacity Unit | S16: TimeSlice level of Process Activity | T16: Primary Commodity Group | U16: Vintage Tracking
B17: =O18 -> DIE-to-ELC | C17: =EnergyBalance!D2 -> DIESEL | D17: ELC | G17: 300 | H17: 1200 | I17: 0.35 | J17: 0.75 | M17: *
B18: =O19 -> BIO-to-ELC | C18: =C3 -> BIODIESEL | D18: ELC | G18: 700 | H18: 1000 | I18: 0.35 | J18: 0 | M18: PRE | N18: =N4 -> NAURU | O18: DIE-to-ELC | P18: Diesel to Electricity | Q18: =$E$2 -> MWh | R18: MW | S18: ANNUAL
B19: =O20 -> SPV-to-ELC | C19: =C4 -> SPV | D19: ELC | G19: 100 | H19: 180 | I19: 1 | M19: PRE | N19: =N5 -> NAURU | O19: BIO-to-ELC | P19: Biodiesel to Electricity | Q19: =$E$2 -> MWh | R19: MW | S19: ANNUAL
B20: =O21 -> WIND-to-ELC | C20: =C5 -> WIND | D20: ELC | G20: 150 | H20: 400 | I20: 1 | M20: RNW | N20: =N6 -> NAURU | O20: SPV-to-ELC | P20: Solar PV to Electricity | Q20: =$E$2 -> MWh | R20: MW | S20: ANNUAL
B21: =O22 -> BESS-to-ELC | C21: =O8 -> ELC | D21: =O8 -> ELC | G21: 250 | H21: 400 | I21: 0.9 | M21: RNW | N21: =N7 -> NAURU | O21: WIND-to-ELC | P21: Wind Energy to Electricity | Q21: =$E$2 -> MWh | R21: MW | S21: ANNUAL
M22: STK | N22: =N8 -> NAURU | O22: BESS-to-ELC | P22: Battery Storage | Q22: =$E$2 -> MWh | R22: MW | S22: ANNUAL
C26: User inputs
C27: Linked to the Energy Balance

Sheet RES&OBJ
B2: Objective Function | K2: Objective Function by Scenario
K3: _SysCost VEDA-BE table
B4: Run name: DemoS_001
B14: Reference Energy System (from VEDA-FE Go-To RES feature)
D16: Primary Supply (Mining, Import/Export and total primary supply demand)

Sheet DemTechs_TPS
B1: Sector Name | C1: Description | D1: Type | E1: Default Unit | F1: Currency Unit | H1: Existing
B2: =EnergyBalance!B8 -> TPS | C2: =EnergyBalance!C8 -> Total Primary Supply | D2: ="Demand Technology" -> Demand Technology | E2: =EnergyBalance!P2 -> MWh | F2: =EnergyBalance!O2 -> MUSD$25 | H2: E | L2: ~FI_Comm
L3: Csets | M3: Region | N3: CommName | O3: CommDesc | P3: Unit | Q3: LimType | R3: CTSLvl | S3: PeakTS | T3: Ctype
L4: *Commodity Set Membership | M4: Region Name | N4: Commodity Name | O4: Commodity Description | P4: Unit | Q4: Sense of the Balance EQN. | R4: Timeslice Level | S4: Peak Monitoring | T4: Electricity Indicator
L5: DEM | N5: DTFC | O5: Total Demand | P5: =$E$2 -> MWh
D8: ~FI_T | L8: ~FI_Process
B9: TechName | C9: Comm-IN | D9: Comm-OUT | E9: STOCK | F9: EFF | G9: AFA | H9: INVCOST | I9: FIXOM | J9: LIFE | L9: Sets | M9: Region | N9: TechName | O9: TechDesc | P9: Tact | Q9: Tcap | R9: Tslvl | S9: PrimaryCG | T9: Vintage
B10: *Technology Name | C10: Input Commodity | D10: Output Commodity | E10: Existing Installed Capacity | F10: Efficiency | G10: Utilisation Factor | H10: Invesctment Cost | I10: Fixed O&M Cost | J10: Lifetime | L10: *Process Set Membership | M10: Region Name | N10: Technology Name | O10: Technology Description | P10: Activity Unit | Q10: Capacity Unit | R10: TimeSlice level of Process Activity | S10: Primary Commodity Group | T10: Vintage Tracking
B11: *Units | E11: =E2&"a" -> MWha | H11: =$F$2&"/"&$E$2 -> MUSD$25/MWh | I11: =$F$2&"/"&$E$2&"a" -> MUSD$25/MWha | J11: Years | L11: *
B12: =N12 -> DTPSELC | C12: =RIGHT(B12,3) -> ELC | D12: =$N$5 -> DTFC | F12: 1 | G12: 0.95 | J12: 20 | L12: DMD | N12: =LEFT(L12,1)&B2&RIGHT(O12,3) -> DTPSELC | O12: =$D$2&" "&$C$2&" - ""ELC" -> Demand Technology Total Primary Supply - "ELC | P12: =$E$2 -> MWh | Q12: =$E$2&"a" -> MWha
C23: User inputs
C24: Linked to the Energy Balance
O32: W

Sheet Demands
B1: Sector Name | C1: Commodity | D1: Description | E1: Default Unit | G1: Currency Unit
B2: DEM | E2: =EnergyBalance!P2 -> MWh | G2: =EnergyBalance!O2 -> MUSD$25
C5: ~FI_T
B6: Attribute | C6: CommName | D6: *Unit | E6: 2025 | F6: 2050
B7: * | C7: Demand Commodity Name | D7: Demand Unit | E7: Demand Value | F7: Demand Value
B8: *Units | E8: =E2 -> MWh | F8: =E8 -> MWh
B9: Demand | C9: =DemTechs_TPS!N5 -> DTFC | D9: MWh | E9: =EnergyBalance!J21 -> 38000 | F9: =E9 -> 38000
C21: User inputs
C22: Linked to the Energy Balance
